    INT     ,         FLOAT          ,         FLOAT          ,         FLOAT          ,         FLOAT          ,         FLOAT          ,         FLOAT          ,       INT        ,       INT        ,         FLOAT          ,         FLOAT          ,      INT       ,   BOOL   ,   BOOL   , BOOL , BOOL ,         FLOAT          ,         FLOAT          ,         FLOAT          ,         FLOAT          ,         FLOAT          ,         FLOAT          ,       INT        ,       INT        ,         FLOAT          ,         FLOAT          ,   BOOL   ,   BOOL   ,         FLOAT          ,         FLOAT          ,         FLOAT          ,         FLOAT          ,         FLOAT          ,         FLOAT          ,         FLOAT          ,         FLOAT          ,         FLOAT          ,         FLOAT          ,         FLOAT          ,         FLOAT          ,INT
     -      ,          Myr           ,          Myr           ,          Msol          ,          Msol          ,          Rsol          ,          Rsol          ,        -         ,        -         ,          Rsol          ,           -            ,     Count      ,  State   ,  State   ,Event ,State ,           -            ,           -            ,          Msol          ,          Msol          ,          Rsol          ,          Rsol          ,        -         ,        -         ,          Rsol          ,           -            ,  Event   ,  Event   ,           -            ,           -            ,           -            ,        Msol/Myr        ,           -            ,           -            ,           -            ,           -            ,           -            ,           -            ,           -            ,           -            ,-
    SEED    ,        Time>MT         ,        Time<MT         ,       Mass(1)>MT       ,       Mass(2)>MT       ,      Radius(1)>MT      ,      Radius(2)>MT      ,Stellar_Type(1)>MT,Stellar_Type(2)>MT,    SemiMajorAxis>MT    ,    Eccentricity>MT     ,MT_Event_Counter,RLOF(1)>MT,RLOF(2)>MT,Merger,CEE>MT,   Radius(1)|RL>step    ,   Radius(2)|RL>step    ,       Mass(1)<MT       ,       Mass(2)<MT       ,      Radius(1)<MT      ,      Radius(2)<MT      ,Stellar_Type(1)<MT,Stellar_Type(2)<MT,    SemiMajorAxis<MT    ,    Eccentricity<MT     ,RLOF(1)<MT,RLOF(2)<MT,   Radius(1)|RL<step    ,   Radius(2)|RL<step    ,          Beta          , MassTransferRateDonor  ,    Zeta_Soberman(1)    ,  Zeta_Soberman_He(1)   ,     Zeta_Hurley(1)     ,   Zeta_Hurley_He(1)    ,    Zeta_Soberman(2)    ,  Zeta_Soberman_He(2)   ,     Zeta_Hurley(2)     ,   Zeta_Hurley_He(2)    ,Record_Type
  1723023995,      63.011011076219972,      62.324019705487970,       5.986447727523371,       1.999977202779125,       6.222969435074780,       1.576166057178144,                 1,                 1,      12.923852505847110,       0.000000000000000,               1,1,0,1,1,       1.011861788509749,       0.421777292175339,       5.986447727523371,       1.999977202779125,       6.222969435074780,       1.576166057178144,                 1,                 1,      12.923852505847108,       0.000000000000000,0,0,       1.011861788509749,       0.421777292175339,       0.062537213511476,      72.842751107139691,      -0.333333333333333,      -0.333333333333333,      -0.293792763501389,      -0.293792763501389,      -0.333333333333333,      -0.333333333333333,      -0.293792763501389,      -0.293792763501389,         1
  1723023995,      63.435981064573973,      63.011011076219972,       7.536683309295780,       0.000000000000000,       3.579694896577545,       0.000000000000000,                 1,                15,                    -nan,       0.000000000000000,               2,1,1,1,1,                    -nan,                    -nan,       7.536683309295780,       0.000000000000000,       3.579694896577545,       0.000000000000000,                 1,                15,      12.923852505847110,       0.000000000000000,1,0,                    -nan,                    -nan,       0.062537213511476,      72.842751107139691,      -0.333333333333333,      -0.333333333333333,      -0.293792763501389,      -0.293792763501389,       0.000000000000000,       0.000000000000000,       0.000000000000000,       0.000000000000000,         1
  1723023995,      63.860951052927973,      63.435981064573973,       7.536683309295780,       0.000000000000000,       3.599070742206045,       0.000000000000000,                 1,                15,                    -nan,       0.000000000000000,               3,1,1,1,1,                    -nan,                    -nan,       7.536683309295780,       0.000000000000000,       3.599070742206045,       0.000000000000000,                 1,                15,                    -nan,       0.000000000000000,1,1,                    -nan,                    -nan,       0.062537213511476,      72.842751107139691,      -0.333333333333333,      -0.333333333333333,      -0.293792763501389,      -0.293792763501389,       0.000000000000000,       0.000000000000000,       0.000000000000000,       0.000000000000000,         1
  1723023995,      64.285921041281966,      63.860951052927973,       7.536683309295780,       0.000000000000000,       3.618707382153314,       0.000000000000000,                 1,                15,                    -nan,       0.000000000000000,               4,1,1,1,1,                    -nan,                    -nan,       7.536683309295780,       0.000000000000000,       3.618707382153314,       0.000000000000000,                 1,                15,                    -nan,       0.000000000000000,1,1,                    -nan,                    -nan,       0.062537213511476,      72.842751107139691,      -0.333333333333333,      -0.333333333333333,      -0.293792763501389,      -0.293792763501389,       0.000000000000000,       0.000000000000000,       0.000000000000000,       0.000000000000000,         1
  1723023995,      64.710891029635960,      64.285921041281966,       7.536683309295780,       0.000000000000000,       3.638614407295552,       0.000000000000000,                 1,                15,                    -nan,       0.000000000000000,               5,1,1,1,1,                    -nan,                    -nan,       7.536683309295780,       0.000000000000000,       3.638614407295552,       0.000000000000000,                 1,                15,                    -nan,       0.000000000000000,1,1,                    -nan,                    -nan,       0.062537213511476,      72.842751107139691,      -0.333333333333333,      -0.333333333333333,      -0.293792763501389,      -0.293792763501389,       0.000000000000000,       0.000000000000000,       0.000000000000000,       0.000000000000000,         1
  1723023995,      65.135861017989953,      64.710891029635960,       7.536683309295780,       0.000000000000000,       3.658801617816753,       0.000000000000000,                 1,                15,                    -nan,       0.000000000000000,               6,1,1,1,1,                    -nan,                    -nan,       7.536683309295780,       0.000000000000000,       3.658801617816753,       0.000000000000000,                 1,                15,                    -nan,       0.000000000000000,1,1,                    -nan,                    -nan,       0.062537213511476,      72.842751107139691,      -0.333333333333333,      -0.333333333333333,      -0.293792763501389,      -0.293792763501389,       0.000000000000000,       0.000000000000000,       0.000000000000000,       0.000000000000000,         1
  1723023995,      65.560831006343946,      65.135861017989953,       7.536683309295780,       0.000000000000000,       3.679279033214477,       0.000000000000000,                 1,                15,                    -nan,       0.000000000000000,               7,1,1,1,1,                    -nan,                    -nan,       7.536683309295780,       0.000000000000000,       3.679279033214477,       0.000000000000000,                 1,                15,                    -nan,       0.000000000000000,1,1,                    -nan,                    -nan,       0.062537213511476,      72.842751107139691,      -0.333333333333333,      -0.333333333333333,      -0.293792763501389,      -0.293792763501389,       0.000000000000000,       0.000000000000000,       0.000000000000000,       0.000000000000000,         1
  1723023995,      65.985800994697939,      65.560831006343946,       7.536683309295780,       0.000000000000000,       3.700056903499917,       0.000000000000000,                 1,                15,                    -nan,       0.000000000000000,               8,1,1,1,1,                    -nan,                    -nan,       7.536683309295780,       0.000000000000000,       3.700056903499917,       0.000000000000000,                 1,                15,                    -nan,       0.000000000000000,1,1,                    -nan,                    -nan,       0.062537213511476,      72.842751107139691,      -0.333333333333333,      -0.333333333333333,      -0.293792763501389,      -0.293792763501389,       0.000000000000000,       0.000000000000000,       0.000000000000000,       0.000000000000000,         1
  1723023995,      66.410770983051933,      65.985800994697939,       7.536683309295780,       0.000000000000000,       3.721145721768283,       0.000000000000000,                 1,                15,                    -nan,       0.000000000000000,               9,1,1,1,1,                    -nan,                    -nan,       7.536683309295780,       0.000000000000000,       3.721145721768283,       0.000000000000000,                 1,                15,                    -nan,       0.000000000000000,1,1,                    -nan,                    -nan,       0.062537213511476,      72.842751107139691,      -0.333333333333333,      -0.333333333333333,      -0.293792763501389,      -0.293792763501389,       0.000000000000000,       0.000000000000000,       0.000000000000000,       0.000000000000000,         1
  1723023995,      66.835740971405926,      66.410770983051933,       7.536683309295780,       0.000000000000000,       3.742556238339281,       0.000000000000000,                 1,                15,                    -nan,       0.000000000000000,              10,1,1,1,1,                    -nan,                    -nan,       7.536683309295780,       0.000000000000000,       3.742556238339281,       0.000000000000000,                 1,                15,                    -nan,       0.000000000000000,1,1,                    -nan,                    -nan,       0.062537213511476,      72.842751107139691,      -0.333333333333333,      -0.333333333333333,      -0.293792763501389,      -0.293792763501389,       0.000000000000000,       0.000000000000000,       0.000000000000000,       0.000000000000000,         1
  1723023995,      67.260710959759919,      66.835740971405926,       7.536683309295780,       0.000000000000000,       3.764299476693660,       0.000000000000000,                 1,                15,                    -nan,       0.000000000000000,              11,1,1,1,1,                    -nan,                    -nan,       7.536683309295780,       0.000000000000000,       3.764299476693660,       0.000000000000000,                 1,                15,                    -nan,       0.000000000000000,1,1,                    -nan,                    -nan,       0.062537213511476,      72.842751107139691,      -0.333333333333333,      -0.333333333333333,      -0.293792763501389,      -0.293792763501389,       0.000000000000000,       0.000000000000000,       0.000000000000000,       0.000000000000000,         1
  1723023995,      67.685680948113912,      67.260710959759919,       7.536683309295780,       0.000000000000000,       3.786386751460906,       0.000000000000000,                 1,                15,                    -nan,       0.000000000000000,              12,1,1,1,1,                    -nan,                    -nan,       7.536683309295780,       0.000000000000000,       3.786386751460906,       0.000000000000000,                 1,                15,                    -nan,       0.000000000000000,1,1,                    -nan,                    -nan,       0.062537213511476,      72.842751107139691,      -0.333333333333333,      -0.333333333333333,      -0.293792763501389,      -0.293792763501389,       0.000000000000000,       0.000000000000000,       0.000000000000000,       0.000000000000000,         1
  1723023995,      68.110650936467906,      67.685680948113912,       7.536683309295780,       0.000000000000000,       3.808829688745134,       0.000000000000000,                 1,                15,                    -nan,       0.000000000000000,              13,1,1,1,1,                    -nan,                    -nan,       7.536683309295780,       0.000000000000000,       3.808829688745134,       0.000000000000000,                 1,                15,                    -nan,       0.000000000000000,1,1,                    -nan,                    -nan,       0.062537213511476,      72.842751107139691,      -0.333333333333333,      -0.333333333333333,      -0.293792763501389,      -0.293792763501389,       0.000000000000000,       0.000000000000000,       0.000000000000000,       0.000000000000000,         1
  1723023995,      68.535620924821899,      68.110650936467906,       7.536683309295780,       0.000000000000000,       3.831640249111689,       0.000000000000000,                 1,                15,                    -nan,       0.000000000000000,              14,1,1,1,1,                    -nan,                    -nan,       7.536683309295780,       0.000000000000000,       3.831640249111689,       0.000000000000000,                 1,                15,                    -nan,       0.000000000000000,1,1,                    -nan,                    -nan,       0.062537213511476,      72.842751107139691,      -0.333333333333333,      -0.333333333333333,      -0.293792763501389,      -0.293792763501389,       0.000000000000000,       0.000000000000000,       0.000000000000000,       0.000000000000000,         1
  1723023995,      68.960590913175892,      68.535620924821899,       7.536683309295780,       0.000000000000000,       3.854830753595853,       0.000000000000000,                 1,                15,                    -nan,       0.000000000000000,              15,1,1,1,1,                    -nan,                    -nan,       7.536683309295780,       0.000000000000000,       3.854830753595853,       0.000000000000000,                 1,                15,                    -nan,       0.000000000000000,1,1,                    -nan,                    -nan,       0.062537213511476,      72.842751107139691,      -0.333333333333333,      -0.333333333333333,      -0.293792763501389,      -0.293792763501389,       0.000000000000000,       0.000000000000000,       0.000000000000000,       0.000000000000000,         1
  1723023995,      69.385560901529885,      68.960590913175892,       7.536683309295780,       0.000000000000000,       3.878413913138036,       0.000000000000000,                 1,                15,                    -nan,       0.000000000000000,              16,1,1,1,1,                    -nan,                    -nan,       7.536683309295780,       0.000000000000000,       3.878413913138036,       0.000000000000000,                 1,                15,                    -nan,       0.000000000000000,1,1,                    -nan,                    -nan,       0.062537213511476,      72.842751107139691,      -0.333333333333333,      -0.333333333333333,      -0.293792763501389,      -0.293792763501389,       0.000000000000000,       0.000000000000000,       0.000000000000000,       0.000000000000000,         1
  1723023995,      69.810530889883879,      69.385560901529885,       7.536683309295780,       0.000000000000000,       3.902402861896995,       0.000000000000000,                 1,                15,                    -nan,       0.000000000000000,              17,1,1,1,1,                    -nan,                    -nan,       7.536683309295780,       0.000000000000000,       3.902402861896995,       0.000000000000000,                 1,                15,                    -nan,       0.000000000000000,1,1,                    -nan,                    -nan,       0.062537213511476,      72.842751107139691,      -0.333333333333333,      -0.333333333333333,      -0.293792763501389,      -0.293792763501389,       0.000000000000000,       0.000000000000000,       0.000000000000000,       0.000000000000000,         1
  1723023995,      70.235500878237872,      69.810530889883879,       7.536683309295780,       0.000000000000000,       3.926811194944565,       0.000000000000000,                 1,                15,                    -nan,       0.000000000000000,              18,1,1,1,1,                    -nan,                    -nan,       7.536683309295780,       0.000000000000000,       3.926811194944565,       0.000000000000000,                 1,                15,                    -nan,       0.000000000000000,1,1,                    -nan,                    -nan,       0.062537213511476,      72.842751107139691,      -0.333333333333333,      -0.333333333333333,      -0.293792763501389,      -0.293792763501389,       0.000000000000000,       0.000000000000000,       0.000000000000000,       0.000000000000000,         1
  1723023995,      70.660470866591865,      70.235500878237872,       7.536683309295780,       0.000000000000000,       3.951653010902443,       0.000000000000000,                 1,                15,                    -nan,       0.000000000000000,              19,1,1,1,1,                    -nan,                    -nan,       7.536683309295780,       0.000000000000000,       3.951653010902443,       0.000000000000000,                 1,                15,                    -nan,       0.000000000000000,1,1,                    -nan,                    -nan,       0.062537213511476,      72.842751107139691,      -0.333333333333333,      -0.333333333333333,      -0.293792763501389,      -0.293792763501389,       0.000000000000000,       0.000000000000000,       0.000000000000000,       0.000000000000000,         1
  1723023995,      71.085440854945858,      70.660470866591865,       7.536683309295780,       0.000000000000000,       3.976942960144298,       0.000000000000000,                 1,                15,                    -nan,       0.000000000000000,              20,1,1,1,1,                    -nan,                    -nan,       7.536683309295780,       0.000000000000000,       3.976942960144298,       0.000000000000000,                 1,                15,                    -nan,       0.000000000000000,1,1,                    -nan,                    -nan,       0.062537213511476,      72.842751107139691,      -0.333333333333333,      -0.333333333333333,      -0.293792763501389,      -0.293792763501389,       0.000000000000000,       0.000000000000000,       0.000000000000000,       0.000000000000000,         1
  1723023995,      71.510410843299852,      71.085440854945858,       7.536683309295780,       0.000000000000000,       4.002696299255390,       0.000000000000000,                 1,                15,                    -nan,       0.000000000000000,              21,1,1,1,1,                    -nan,                    -nan,       7.536683309295780,       0.000000000000000,       4.002696299255390,       0.000000000000000,                 1,                15,                    -nan,       0.000000000000000,1,1,                    -nan,                    -nan,       0.062537213511476,      72.842751107139691,      -0.333333333333333,      -0.333333333333333,      -0.293792763501389,      -0.293792763501389,       0.000000000000000,       0.000000000000000,       0.000000000000000,       0.000000000000000,         1
  1723023995,      71.935380831653845,      71.510410843299852,       7.536683309295780,       0.000000000000000,       4.028928952517636,       0.000000000000000,                 1,                15,                    -nan,       0.000000000000000,              22,1,1,1,1,                    -nan,                    -nan,       7.536683309295780,       0.000000000000000,       4.028928952517636,       0.000000000000000,                 1,                15,                    -nan,       0.000000000000000,1,1,                    -nan,                    -nan,       0.062537213511476,      72.842751107139691,      -0.333333333333333,      -0.333333333333333,      -0.293792763501389,      -0.293792763501389,       0.000000000000000,       0.000000000000000,       0.000000000000000,       0.000000000000000,         1
  1723023995,      72.360350820007838,      71.935380831653845,       7.536683309295780,       0.000000000000000,       4.055657581271347,       0.000000000000000,                 1,                15,                    -nan,       0.000000000000000,              23,1,1,1,1,                    -nan,                    -nan,       7.536683309295780,       0.000000000000000,       4.055657581271347,       0.000000000000000,                 1,                15,                    -nan,       0.000000000000000,1,1,                    -nan,                    -nan,       0.062537213511476,      72.842751107139691,      -0.333333333333333,      -0.333333333333333,      -0.293792763501389,      -0.293792763501389,       0.000000000000000,       0.000000000000000,       0.000000000000000,       0.000000000000000,         1
  1723023995,      72.785320808361831,      72.360350820007838,       7.536683309295780,       0.000000000000000,       4.082899662096446,       0.000000000000000,                 1,                15,                    -nan,       0.000000000000000,              24,1,1,1,1,                    -nan,                    -nan,       7.536683309295780,       0.000000000000000,       4.082899662096446,       0.000000000000000,                 1,                15,                    -nan,       0.000000000000000,1,1,                    -nan,                    -nan,       0.062537213511476,      72.842751107139691,      -0.333333333333333,      -0.333333333333333,      -0.293792763501389,      -0.293792763501389,       0.000000000000000,       0.000000000000000,       0.000000000000000,       0.000000000000000,         1
  1723023995,      73.210290796715825,      72.785320808361831,       7.536683309295780,       0.000000000000000,       4.110673574856790,       0.000000000000000,                 1,                15,                    -nan,       0.000000000000000,              25,1,1,1,1,                    -nan,                    -nan,       7.536683309295780,       0.000000000000000,       4.110673574856790,       0.000000000000000,                 1,                15,                    -nan,       0.000000000000000,1,1,                    -nan,                    -nan,       0.062537213511476,      72.842751107139691,      -0.333333333333333,      -0.333333333333333,      -0.293792763501389,      -0.293792763501389,       0.000000000000000,       0.000000000000000,       0.000000000000000,       0.000000000000000,         1
  1723023995,      73.635260785069818,      73.210290796715825,       7.536683309295780,       0.000000000000000,       4.138998701762271,       0.000000000000000,                 1,                15,                    -nan,       0.000000000000000,              26,1,1,1,1,                    -nan,                    -nan,       7.536683309295780,       0.000000000000000,       4.138998701762271,       0.000000000000000,                 1,                15,                    -nan,       0.000000000000000,1,1,                    -nan,                    -nan,       0.062537213511476,      72.842751107139691,      -0.333333333333333,      -0.333333333333333,      -0.293792763501389,      -0.293792763501389,       0.000000000000000,       0.000000000000000,       0.000000000000000,       0.000000000000000,         1
  1723023995,      74.060230773423811,      73.635260785069818,       7.536683309295780,       0.000000000000000,       4.167895538725853,       0.000000000000000,                 1,                15,                    -nan,       0.000000000000000,              27,1,1,1,1,                    -nan,                    -nan,       7.536683309295780,       0.000000000000000,       4.167895538725853,       0.000000000000000,                 1,                15,                    -nan,       0.000000000000000,1,1,                    -nan,                    -nan,       0.062537213511476,      72.842751107139691,      -0.333333333333333,      -0.333333333333333,      -0.293792763501389,      -0.293792763501389,       0.000000000000000,       0.000000000000000,       0.000000000000000,       0.000000000000000,         1
  1723023995,      74.485200761777804,      74.060230773423811,       7.536683309295780,       0.000000000000000,       4.197385820427889,       0.000000000000000,                 1,                15,                    -nan,       0.000000000000000,              28,1,1,1,1,                    -nan,                    -nan,       7.536683309295780,       0.000000000000000,       4.197385820427889,       0.000000000000000,                 1,                15,                    -nan,       0.000000000000000,1,1,                    -nan,                    -nan,       0.062537213511476,      72.842751107139691,      -0.333333333333333,      -0.333333333333333,      -0.293792763501389,      -0.293792763501389,       0.000000000000000,       0.000000000000000,       0.000000000000000,       0.000000000000000,         1
  1723023995,      74.910170750131797,      74.485200761777804,       7.536683309295780,       0.000000000000000,       4.227492660649657,       0.000000000000000,                 1,                15,                    -nan,       0.000000000000000,              29,1,1,1,1,                    -nan,                    -nan,       7.536683309295780,       0.000000000000000,       4.227492660649657,       0.000000000000000,                 1,                15,                    -nan,       0.000000000000000,1,1,                    -nan,                    -nan,       0.062537213511476,      72.842751107139691,      -0.333333333333333,      -0.333333333333333,      -0.293792763501389,      -0.293792763501389,       0.000000000000000,       0.000000000000000,       0.000000000000000,       0.000000000000000,         1
  1723023995,      75.335140738485791,      74.910170750131797,       7.536683309295780,       0.000000000000000,       4.258240709603677,       0.000000000000000,                 1,                15,                    -nan,       0.000000000000000,              30,1,1,1,1,                    -nan,                    -nan,       7.536683309295780,       0.000000000000000,       4.258240709603677,       0.000000000000000,                 1,                15,                    -nan,       0.000000000000000,1,1,                    -nan,                    -nan,       0.062537213511476,      72.842751107139691,      -0.333333333333333,      -0.333333333333333,      -0.293792763501389,      -0.293792763501389,       0.000000000000000,       0.000000000000000,       0.000000000000000,       0.000000000000000,         1
  1723023995,      75.760110726839784,      75.335140738485791,       7.536683309295780,       0.000000000000000,       4.289656330172291,       0.000000000000000,                 1,                15,                    -nan,       0.000000000000000,              31,1,1,1,1,                    -nan,                    -nan,       7.536683309295780,       0.000000000000000,       4.289656330172291,       0.000000000000000,                 1,                15,                    -nan,       0.000000000000000,1,1,                    -nan,                    -nan,       0.062537213511476,      72.842751107139691,      -0.333333333333333,      -0.333333333333333,      -0.293792763501389,      -0.293792763501389,       0.000000000000000,       0.000000000000000,       0.000000000000000,       0.000000000000000,         1
  1723023995,      76.185080715193777,      75.760110726839784,       7.536683309295780,       0.000000000000000,       4.321767795170575,       0.000000000000000,                 1,                15,                    -nan,       0.000000000000000,              32,1,1,1,1,                    -nan,                    -nan,       7.536683309295780,       0.000000000000000,       4.321767795170575,       0.000000000000000,                 1,                15,                    -nan,       0.000000000000000,1,1,                    -nan,                    -nan,       0.062537213511476,      72.842751107139691,      -0.333333333333333,      -0.333333333333333,      -0.293792763501389,      -0.293792763501389,       0.000000000000000,       0.000000000000000,       0.000000000000000,       0.000000000000000,         1
  1723023995,      76.610050703547770,      76.185080715193777,       7.536683309295780,       0.000000000000000,       4.354605507977786,       0.000000000000000,                 1,                15,                    -nan,       0.000000000000000,              33,1,1,1,1,                    -nan,                    -nan,       7.536683309295780,       0.000000000000000,       4.354605507977786,       0.000000000000000,                 1,                15,                    -nan,       0.000000000000000,1,1,                    -nan,                    -nan,       0.062537213511476,      72.842751107139691,      -0.333333333333333,      -0.333333333333333,      -0.293792763501389,      -0.293792763501389,       0.000000000000000,       0.000000000000000,       0.000000000000000,       0.000000000000000,         1
  1723023995,      77.035020691901764,      76.610050703547770,       7.536683309295780,       0.000000000000000,       4.388202249136673,       0.000000000000000,                 1,                15,                    -nan,       0.000000000000000,              34,1,1,1,1,                    -nan,                    -nan,       7.536683309295780,       0.000000000000000,       4.388202249136673,       0.000000000000000,                 1,                15,                    -nan,       0.000000000000000,1,1,                    -nan,                    -nan,       0.062537213511476,      72.842751107139691,      -0.333333333333333,      -0.333333333333333,      -0.293792763501389,      -0.293792763501389,       0.000000000000000,       0.000000000000000,       0.000000000000000,       0.000000000000000,         1
  1723023995,      77.459990680255757,      77.035020691901764,       7.536683309295780,       0.000000000000000,       4.422593451806043,       0.000000000000000,                 1,                15,                    -nan,       0.000000000000000,              35,1,1,1,1,                    -nan,                    -nan,       7.536683309295780,       0.000000000000000,       4.422593451806043,       0.000000000000000,                 1,                15,                    -nan,       0.000000000000000,1,1,                    -nan,                    -nan,       0.062537213511476,      72.842751107139691,      -0.333333333333333,      -0.333333333333333,      -0.293792763501389,      -0.293792763501389,       0.000000000000000,       0.000000000000000,       0.000000000000000,       0.000000000000000,         1
  1723023995,      77.884960668609750,      77.459990680255757,       7.536683309295780,       0.000000000000000,       4.457817509273758,       0.000000000000000,                 1,                15,                    -nan,       0.000000000000000,              36,1,1,1,1,                    -nan,                    -nan,       7.536683309295780,       0.000000000000000,       4.457817509273758,       0.000000000000000,                 1,                15,                    -nan,       0.000000000000000,1,1,                    -nan,                    -nan,       0.062537213511476,      72.842751107139691,      -0.333333333333333,      -0.333333333333333,      -0.293792763501389,      -0.293792763501389,       0.000000000000000,       0.000000000000000,       0.000000000000000,       0.000000000000000,         1
  1723023995,      78.309930656963743,      77.884960668609750,       7.536683309295780,       0.000000000000000,       4.493916118100362,       0.000000000000000,                 1,                15,                    -nan,       0.000000000000000,              37,1,1,1,1,                    -nan,                    -nan,       7.536683309295780,       0.000000000000000,       4.493916118100362,       0.000000000000000,                 1,                15,                    -nan,       0.000000000000000,1,1,                    -nan,                    -nan,       0.062537213511476,      72.842751107139691,      -0.333333333333333,      -0.333333333333333,      -0.293792763501389,      -0.293792763501389,       0.000000000000000,       0.000000000000000,       0.000000000000000,       0.000000000000000,         1
  1723023995,      78.734900645317737,      78.309930656963743,       7.536683309295780,       0.000000000000000,       4.530934660874633,       0.000000000000000,                 1,                15,                    -nan,       0.000000000000000,              38,1,1,1,1,                    -nan,                    -nan,       7.536683309295780,       0.000000000000000,       4.530934660874633,       0.000000000000000,                 1,                15,                    -nan,       0.000000000000000,1,1,                    -nan,                    -nan,       0.062537213511476,      72.842751107139691,      -0.333333333333333,      -0.333333333333333,      -0.293792763501389,      -0.293792763501389,       0.000000000000000,       0.000000000000000,       0.000000000000000,       0.000000000000000,         1
  1723023995,      79.159870633671730,      78.734900645317737,       7.536683309295780,       0.000000000000000,       4.568922633029238,       0.000000000000000,                 1,                15,                    -nan,       0.000000000000000,              39,1,1,1,1,                    -nan,                    -nan,       7.536683309295780,       0.000000000000000,       4.568922633029238,       0.000000000000000,                 1,                15,                    -nan,       0.000000000000000,1,1,                    -nan,                    -nan,       0.062537213511476,      72.842751107139691,      -0.333333333333333,      -0.333333333333333,      -0.293792763501389,      -0.293792763501389,       0.000000000000000,       0.000000000000000,       0.000000000000000,       0.000000000000000,         1
  1723023995,      79.584840622025723,      79.159870633671730,       7.536683309295780,       0.000000000000000,       4.607934118697007,       0.000000000000000,                 1,                15,                    -nan,       0.000000000000000,              40,1,1,1,1,                    -nan,                    -nan,       7.536683309295780,       0.000000000000000,       4.607934118697007,       0.000000000000000,                 1,                15,                    -nan,       0.000000000000000,1,1,                    -nan,                    -nan,       0.062537213511476,      72.842751107139691,      -0.333333333333333,      -0.333333333333333,      -0.293792763501389,      -0.293792763501389,       0.000000000000000,       0.000000000000000,       0.000000000000000,       0.000000000000000,         1
  1723023995,      80.009810610379716,      79.584840622025723,       7.536683309295780,       0.000000000000000,       4.648028321197325,       0.000000000000000,                 1,                15,                    -nan,       0.000000000000000,              41,1,1,1,1,                    -nan,                    -nan,       7.536683309295780,       0.000000000000000,       4.648028321197325,       0.000000000000000,                 1,                15,                    -nan,       0.000000000000000,1,1,                    -nan,                    -nan,       0.062537213511476,      72.842751107139691,      -0.333333333333333,      -0.333333333333333,      -0.293792763501389,      -0.293792763501389,       0.000000000000000,       0.000000000000000,       0.000000000000000,       0.000000000000000,         1
  1723023995,      80.434780598733710,      80.009810610379716,       7.536683309295780,       0.000000000000000,       4.689270154441250,       0.000000000000000,                 1,                15,                    -nan,       0.000000000000000,              42,1,1,1,1,                    -nan,                    -nan,       7.536683309295780,       0.000000000000000,       4.689270154441250,       0.000000000000000,                 1,                15,                    -nan,       0.000000000000000,1,1,                    -nan,                    -nan,       0.062537213511476,      72.842751107139691,      -0.333333333333333,      -0.333333333333333,      -0.293792763501389,      -0.293792763501389,       0.000000000000000,       0.000000000000000,       0.000000000000000,       0.000000000000000,         1
  1723023995,      80.859750587087703,      80.434780598733710,       7.536683309295780,       0.000000000000000,       4.731730902349603,       0.000000000000000,                 1,                15,                    -nan,       0.000000000000000,              43,1,1,1,1,                    -nan,                    -nan,       7.536683309295780,       0.000000000000000,       4.731730902349603,       0.000000000000000,                 1,                15,                    -nan,       0.000000000000000,1,1,                    -nan,                    -nan,       0.062537213511476,      72.842751107139691,      -0.333333333333333,      -0.333333333333333,      -0.293792763501389,      -0.293792763501389,       0.000000000000000,       0.000000000000000,       0.000000000000000,       0.000000000000000,         1
  1723023995,      81.284720575441696,      80.859750587087703,       7.536683309295780,       0.000000000000000,       4.775488954309554,       0.000000000000000,                 1,                15,                    -nan,       0.000000000000000,              44,1,1,1,1,                    -nan,                    -nan,       7.536683309295780,       0.000000000000000,       4.775488954309554,       0.000000000000000,                 1,                15,                    -nan,       0.000000000000000,1,1,                    -nan,                    -nan,       0.062537213511476,      72.842751107139691,      -0.333333333333333,      -0.333333333333333,      -0.293792763501389,      -0.293792763501389,       0.000000000000000,       0.000000000000000,       0.000000000000000,       0.000000000000000,         1
  1723023995,      81.709690563795689,      81.284720575441696,       7.536683309295780,       0.000000000000000,       4.820630625775786,       0.000000000000000,                 1,                15,                    -nan,       0.000000000000000,              45,1,1,1,1,                    -nan,                    -nan,       7.536683309295780,       0.000000000000000,       4.820630625775786,       0.000000000000000,                 1,                15,                    -nan,       0.000000000000000,1,1,                    -nan,                    -nan,       0.062537213511476,      72.842751107139691,      -0.333333333333333,      -0.333333333333333,      -0.293792763501389,      -0.293792763501389,       0.000000000000000,       0.000000000000000,       0.000000000000000,       0.000000000000000,         1
  1723023995,      82.134660552149683,      81.709690563795689,       7.536683309295780,       0.000000000000000,       4.867251074380071,       0.000000000000000,                 1,                15,                    -nan,       0.000000000000000,              46,1,1,1,1,                    -nan,                    -nan,       7.536683309295780,       0.000000000000000,       4.867251074380071,       0.000000000000000,                 1,                15,                    -nan,       0.000000000000000,1,1,                    -nan,                    -nan,       0.062537213511476,      72.842751107139691,      -0.333333333333333,      -0.333333333333333,      -0.293792763501389,      -0.293792763501389,       0.000000000000000,       0.000000000000000,       0.000000000000000,       0.000000000000000,         1
  1723023995,      82.559630540503676,      82.134660552149683,       7.536683309295780,       0.000000000000000,       4.915455323381828,       0.000000000000000,                 1,                15,                    -nan,       0.000000000000000,              47,1,1,1,1,                    -nan,                    -nan,       7.536683309295780,       0.000000000000000,       4.915455323381828,       0.000000000000000,                 1,                15,                    -nan,       0.000000000000000,1,1,                    -nan,                    -nan,       0.062537213511476,      72.842751107139691,      -0.333333333333333,      -0.333333333333333,      -0.293792763501389,      -0.293792763501389,       0.000000000000000,       0.000000000000000,       0.000000000000000,       0.000000000000000,         1
  1723023995,      82.984600528857669,      82.559630540503676,       7.536683309295780,       0.000000000000000,       4.965359406012948,       0.000000000000000,                 1,                15,                    -nan,       0.000000000000000,              48,1,1,1,1,                    -nan,                    -nan,       7.536683309295780,       0.000000000000000,       4.965359406012948,       0.000000000000000,                 1,                15,                    -nan,       0.000000000000000,1,1,                    -nan,                    -nan,       0.062537213511476,      72.842751107139691,      -0.333333333333333,      -0.333333333333333,      -0.293792763501389,      -0.293792763501389,       0.000000000000000,       0.000000000000000,       0.000000000000000,       0.000000000000000,         1
  1723023995,      83.409570517211662,      82.984600528857669,       7.536683309295780,       0.000000000000000,       5.017091646291910,       0.000000000000000,                 1,                15,                    -nan,       0.000000000000000,              49,1,1,1,1,                    -nan,                    -nan,       7.536683309295780,       0.000000000000000,       5.017091646291910,       0.000000000000000,                 1,                15,                    -nan,       0.000000000000000,1,1,                    -nan,                    -nan,       0.062537213511476,      72.842751107139691,      -0.333333333333333,      -0.333333333333333,      -0.293792763501389,      -0.293792763501389,       0.000000000000000,       0.000000000000000,       0.000000000000000,       0.000000000000000,         1
  1723023995,      83.834540505565656,      83.409570517211662,       7.536683309295780,       0.000000000000000,       5.070794094264929,       0.000000000000000,                 1,                15,                    -nan,       0.000000000000000,              50,1,1,1,1,                    -nan,                    -nan,       7.536683309295780,       0.000000000000000,       5.070794094264929,       0.000000000000000,                 1,                15,                    -nan,       0.000000000000000,1,1,                    -nan,                    -nan,       0.062537213511476,      72.842751107139691,      -0.333333333333333,      -0.333333333333333,      -0.293792763501389,      -0.293792763501389,       0.000000000000000,       0.000000000000000,       0.000000000000000,       0.000000000000000,         1
  1723023995,      84.259510493919649,      83.834540505565656,       7.536683309295780,       0.000000000000000,       5.126624136447831,       0.000000000000000,                 1,                15,                    -nan,       0.000000000000000,              51,1,1,1,1,                    -nan,                    -nan,       7.536683309295780,       0.000000000000000,       5.126624136447831,       0.000000000000000,                 1,                15,                    -nan,       0.000000000000000,1,1,                    -nan,                    -nan,       0.062537213511476,      72.842751107139691,      -0.333333333333333,      -0.333333333333333,      -0.293792763501389,      -0.293792763501389,       0.000000000000000,       0.000000000000000,       0.000000000000000,       0.000000000000000,         1
  1723023995,      84.684480482273642,      84.259510493919649,       7.536683309295780,       0.000000000000000,       5.184756305579586,       0.000000000000000,                 1,                15,                    -nan,       0.000000000000000,              52,1,1,1,1,                    -nan,                    -nan,       7.536683309295780,       0.000000000000000,       5.184756305579586,       0.000000000000000,                 1,                15,                    -nan,       0.000000000000000,1,1,                    -nan,                    -nan,       0.062537213511476,      72.842751107139691,      -0.333333333333333,      -0.333333333333333,      -0.293792763501389,      -0.293792763501389,       0.000000000000000,       0.000000000000000,       0.000000000000000,       0.000000000000000,         1
  1723023995,      85.109450470627635,      84.684480482273642,       7.536683309295780,       0.000000000000000,       5.245384317764171,       0.000000000000000,                 1,                15,                    -nan,       0.000000000000000,              53,1,1,1,1,                    -nan,                    -nan,       7.536683309295780,       0.000000000000000,       5.245384317764171,       0.000000000000000,                 1,                15,                    -nan,       0.000000000000000,1,1,                    -nan,                    -nan,       0.062537213511476,      72.842751107139691,      -0.333333333333333,      -0.333333333333333,      -0.293792763501389,      -0.293792763501389,       0.000000000000000,       0.000000000000000,       0.000000000000000,       0.000000000000000,         1
  1723023995,      85.534420458981629,      85.109450470627635,       7.536683309295780,       0.000000000000000,       5.308723369802561,       0.000000000000000,                 1,                15,                    -nan,       0.000000000000000,              54,1,1,1,1,                    -nan,                    -nan,       7.536683309295780,       0.000000000000000,       5.308723369802561,       0.000000000000000,                 1,                15,                    -nan,       0.000000000000000,1,1,                    -nan,                    -nan,       0.062537213511476,      72.842751107139691,      -0.333333333333333,      -0.333333333333333,      -0.293792763501389,      -0.293792763501389,       0.000000000000000,       0.000000000000000,       0.000000000000000,       0.000000000000000,         1
  1723023995,      85.959390447335622,      85.534420458981629,       7.536683309295780,       0.000000000000000,       5.375012735161316,       0.000000000000000,                 1,                15,                    -nan,       0.000000000000000,              55,1,1,1,1,                    -nan,                    -nan,       7.536683309295780,       0.000000000000000,       5.375012735161316,       0.000000000000000,                 1,                15,                    -nan,       0.000000000000000,1,1,                    -nan,                    -nan,       0.062537213511476,      72.842751107139691,      -0.333333333333333,      -0.333333333333333,      -0.293792763501389,      -0.293792763501389,       0.000000000000000,       0.000000000000000,       0.000000000000000,       0.000000000000000,         1
  1723023995,      86.384360435689615,      85.959390447335622,       7.536683309295780,       0.000000000000000,       5.444518703785174,       0.000000000000000,                 1,                15,                    -nan,       0.000000000000000,              56,1,1,1,1,                    -nan,                    -nan,       7.536683309295780,       0.000000000000000,       5.444518703785174,       0.000000000000000,                 1,                15,                    -nan,       0.000000000000000,1,1,                    -nan,                    -nan,       0.062537213511476,      72.842751107139691,      -0.333333333333333,      -0.333333333333333,      -0.293792763501389,      -0.293792763501389,       0.000000000000000,       0.000000000000000,       0.000000000000000,       0.000000000000000,         1
  1723023995,      86.809330424043608,      86.384360435689615,       7.536683309295780,       0.000000000000000,       5.517537919080195,       0.000000000000000,                 1,                15,                    -nan,       0.000000000000000,              57,1,1,1,1,                    -nan,                    -nan,       7.536683309295780,       0.000000000000000,       5.517537919080195,       0.000000000000000,                 1,                15,                    -nan,       0.000000000000000,1,1,                    -nan,                    -nan,       0.062537213511476,      72.842751107139691,      -0.333333333333333,      -0.333333333333333,      -0.293792763501389,      -0.293792763501389,       0.000000000000000,       0.000000000000000,       0.000000000000000,       0.000000000000000,         1
  1723023995,      87.234300412397602,      86.809330424043608,       7.536683309295780,       0.000000000000000,       5.594401175170268,       0.000000000000000,                 1,                15,                    -nan,       0.000000000000000,              58,1,1,1,1,                    -nan,                    -nan,       7.536683309295780,       0.000000000000000,       5.594401175170268,       0.000000000000000,                 1,                15,                    -nan,       0.000000000000000,1,1,                    -nan,                    -nan,       0.062537213511476,      72.842751107139691,      -0.333333333333333,      -0.333333333333333,      -0.293792763501389,      -0.293792763501389,       0.000000000000000,       0.000000000000000,       0.000000000000000,       0.000000000000000,         1
  1723023995,      87.659270400751595,      87.234300412397602,       7.536683309295780,       0.000000000000000,       5.675477749333211,       0.000000000000000,                 1,                15,                    -nan,       0.000000000000000,              59,1,1,1,1,                    -nan,                    -nan,       7.536683309295780,       0.000000000000000,       5.675477749333211,       0.000000000000000,                 1,                15,                    -nan,       0.000000000000000,1,1,                    -nan,                    -nan,       0.062537213511476,      72.842751107139691,      -0.333333333333333,      -0.333333333333333,      -0.293792763501389,      -0.293792763501389,       0.000000000000000,       0.000000000000000,       0.000000000000000,       0.000000000000000,         1
  1723023995,      88.084240389105588,      87.659270400751595,       7.536683309295780,       0.000000000000000,       5.761180358813363,       0.000000000000000,                 1,                15,                    -nan,       0.000000000000000,              60,1,1,1,1,                    -nan,                    -nan,       7.536683309295780,       0.000000000000000,       5.761180358813363,       0.000000000000000,                 1,                15,                    -nan,       0.000000000000000,1,1,                    -nan,                    -nan,       0.062537213511476,      72.842751107139691,      -0.333333333333333,      -0.333333333333333,      -0.293792763501389,      -0.293792763501389,       0.000000000000000,       0.000000000000000,       0.000000000000000,       0.000000000000000,         1
  1723023995,      88.509210377459581,      88.084240389105588,       7.536683309295780,       0.000000000000000,       5.851970848559055,       0.000000000000000,                 1,                15,                    -nan,       0.000000000000000,              61,1,1,1,1,                    -nan,                    -nan,       7.536683309295780,       0.000000000000000,       5.851970848559055,       0.000000000000000,                 1,                15,                    -nan,       0.000000000000000,1,1,                    -nan,                    -nan,       0.062537213511476,      72.842751107139691,      -0.333333333333333,      -0.333333333333333,      -0.293792763501389,      -0.293792763501389,       0.000000000000000,       0.000000000000000,       0.000000000000000,       0.000000000000000,         1
  1723023995,      88.934180365813575,      88.509210377459581,       7.536683309295780,       0.000000000000000,       5.948366737563877,       0.000000000000000,                 1,                15,                    -nan,       0.000000000000000,              62,1,1,1,1,                    -nan,                    -nan,       7.536683309295780,       0.000000000000000,       5.948366737563877,       0.000000000000000,                 1,                15,                    -nan,       0.000000000000000,1,1,                    -nan,                    -nan,       0.062537213511476,      72.842751107139691,      -0.333333333333333,      -0.333333333333333,      -0.293792763501389,      -0.293792763501389,       0.000000000000000,       0.000000000000000,       0.000000000000000,       0.000000000000000,         1
  1723023995,      89.359150354167568,      88.934180365813575,       7.536683309295780,       0.000000000000000,       6.050948777302361,       0.000000000000000,                 1,                15,                    -nan,       0.000000000000000,              63,1,1,1,1,                    -nan,                    -nan,       7.536683309295780,       0.000000000000000,       6.050948777302361,       0.000000000000000,                 1,                15,                    -nan,       0.000000000000000,1,1,                    -nan,                    -nan,       0.062537213511476,      72.842751107139691,      -0.333333333333333,      -0.333333333333333,      -0.293792763501389,      -0.293792763501389,       0.000000000000000,       0.000000000000000,       0.000000000000000,       0.000000000000000,         1
  1723023995,      89.784120342521561,      89.359150354167568,       7.536683309295780,       0.000000000000000,       6.160369707381870,       0.000000000000000,                 1,                15,                    -nan,       0.000000000000000,              64,1,1,1,1,                    -nan,                    -nan,       7.536683309295780,       0.000000000000000,       6.160369707381870,       0.000000000000000,                 1,                15,                    -nan,       0.000000000000000,1,1,                    -nan,                    -nan,       0.062537213511476,      72.842751107139691,      -0.333333333333333,      -0.333333333333333,      -0.293792763501389,      -0.293792763501389,       0.000000000000000,       0.000000000000000,       0.000000000000000,       0.000000000000000,         1
  1723023995,      90.209090330875554,      89.784120342521561,       7.536683309295780,       0.000000000000000,       6.277364432424519,       0.000000000000000,                 1,                15,                    -nan,       0.000000000000000,              65,1,1,1,1,                    -nan,                    -nan,       7.536683309295780,       0.000000000000000,       6.277364432424519,       0.000000000000000,                 1,                15,                    -nan,       0.000000000000000,1,1,                    -nan,                    -nan,       0.062537213511476,      72.842751107139691,      -0.333333333333333,      -0.333333333333333,      -0.293792763501389,      -0.293792763501389,       0.000000000000000,       0.000000000000000,       0.000000000000000,       0.000000000000000,         1
  1723023995,      90.634060319229548,      90.209090330875554,       7.536683309295780,       0.000000000000000,       6.402761892179449,       0.000000000000000,                 1,                15,                    -nan,       0.000000000000000,              66,1,1,1,1,                    -nan,                    -nan,       7.536683309295780,       0.000000000000000,       6.402761892179449,       0.000000000000000,                 1,                15,                    -nan,       0.000000000000000,1,1,                    -nan,                    -nan,       0.062537213511476,      72.842751107139691,      -0.333333333333333,      -0.333333333333333,      -0.293792763501389,      -0.293792763501389,       0.000000000000000,       0.000000000000000,       0.000000000000000,       0.000000000000000,         1
  1723023995,      91.059030307583541,      90.634060319229548,       7.536683309295780,       0.000000000000000,       6.537498956288314,       0.000000000000000,                 1,                15,                    -nan,       0.000000000000000,              67,1,1,1,1,                    -nan,                    -nan,       7.536683309295780,       0.000000000000000,       6.537498956288314,       0.000000000000000,                 1,                15,                    -nan,       0.000000000000000,1,1,                    -nan,                    -nan,       0.062537213511476,      72.842751107139691,      -0.333333333333333,      -0.333333333333333,      -0.293792763501389,      -0.293792763501389,       0.000000000000000,       0.000000000000000,       0.000000000000000,       0.000000000000000,         1
  1723023995,      91.484000295937534,      91.059030307583541,       7.536683309295780,       0.000000000000000,       6.682636748990290,       0.000000000000000,                 1,                15,                    -nan,       0.000000000000000,              68,1,1,1,1,                    -nan,                    -nan,       7.536683309295780,       0.000000000000000,       6.682636748990290,       0.000000000000000,                 1,                15,                    -nan,       0.000000000000000,1,1,                    -nan,                    -nan,       0.062537213511476,      72.842751107139691,      -0.333333333333333,      -0.333333333333333,      -0.293792763501389,      -0.293792763501389,       0.000000000000000,       0.000000000000000,       0.000000000000000,       0.000000000000000,         1
  1723023995,      91.908970284291527,      91.484000295937534,       7.536683309295780,       0.000000000000000,       6.839379901229487,       0.000000000000000,                 1,                15,                    -nan,       0.000000000000000,              69,1,1,1,1,                    -nan,                    -nan,       7.536683309295780,       0.000000000000000,       6.839379901229487,       0.000000000000000,                 1,                15,                    -nan,       0.000000000000000,1,1,                    -nan,                    -nan,       0.062537213511476,      72.842751107139691,      -0.333333333333333,      -0.333333333333333,      -0.293792763501389,      -0.293792763501389,       0.000000000000000,       0.000000000000000,       0.000000000000000,       0.000000000000000,         1
  1723023995,      92.333940272645521,      91.908970284291527,       7.536683309295780,       0.000000000000000,       7.009099343131397,       0.000000000000000,                 1,                15,                    -nan,       0.000000000000000,              70,1,1,1,1,                    -nan,                    -nan,       7.536683309295780,       0.000000000000000,       7.009099343131397,       0.000000000000000,                 1,                15,                    -nan,       0.000000000000000,1,1,                    -nan,                    -nan,       0.062537213511476,      72.842751107139691,      -0.333333333333333,      -0.333333333333333,      -0.293792763501389,      -0.293792763501389,       0.000000000000000,       0.000000000000000,       0.000000000000000,       0.000000000000000,         1
  1723023995,      92.758910260999514,      92.333940272645521,       7.536683309295780,       0.000000000000000,       7.193359395170207,       0.000000000000000,                 1,                15,                    -nan,       0.000000000000000,              71,1,1,1,1,                    -nan,                    -nan,       7.536683309295780,       0.000000000000000,       7.193359395170207,       0.000000000000000,                 1,                15,                    -nan,       0.000000000000000,1,1,                    -nan,                    -nan,       0.062537213511476,      72.842751107139691,      -0.333333333333333,      -0.333333333333333,      -0.293792763501389,      -0.293792763501389,       0.000000000000000,       0.000000000000000,       0.000000000000000,       0.000000000000000,         1
  1723023995,      93.183880249353507,      92.758910260999514,       7.536683309295780,       0.000000000000000,       7.393950100085164,       0.000000000000000,                 1,                15,                    -nan,       0.000000000000000,              72,1,1,1,1,                    -nan,                    -nan,       7.536683309295780,       0.000000000000000,       7.393950100085164,       0.000000000000000,                 1,                15,                    -nan,       0.000000000000000,1,1,                    -nan,                    -nan,       0.062537213511476,      72.842751107139691,      -0.333333333333333,      -0.333333333333333,      -0.293792763501389,      -0.293792763501389,       0.000000000000000,       0.000000000000000,       0.000000000000000,       0.000000000000000,         1
  1723023995,      93.608850237707500,      93.183880249353507,       7.536683309295780,       0.000000000000000,       7.612925970932664,       0.000000000000000,                 1,                15,                    -nan,       0.000000000000000,              73,1,1,1,1,                    -nan,                    -nan,       7.536683309295780,       0.000000000000000,       7.612925970932664,       0.000000000000000,                 1,                15,                    -nan,       0.000000000000000,1,1,                    -nan,                    -nan,       0.062537213511476,      72.842751107139691,      -0.333333333333333,      -0.333333333333333,      -0.293792763501389,      -0.293792763501389,       0.000000000000000,       0.000000000000000,       0.000000000000000,       0.000000000000000,         1
  1723023995,      94.033820226061493,      93.608850237707500,       7.536683309295780,       0.000000000000000,       7.852652628391242,       0.000000000000000,                 1,                15,                    -nan,       0.000000000000000,              74,1,1,1,1,                    -nan,                    -nan,       7.536683309295780,       0.000000000000000,       7.852652628391242,       0.000000000000000,                 1,                15,                    -nan,       0.000000000000000,1,1,                    -nan,                    -nan,       0.062537213511476,      72.842751107139691,      -0.333333333333333,      -0.333333333333333,      -0.293792763501389,      -0.293792763501389,       0.000000000000000,       0.000000000000000,       0.000000000000000,       0.000000000000000,         1
  1723023995,      94.458790214415487,      94.033820226061493,       7.536683309295780,       0.000000000000000,       8.115863182241213,       0.000000000000000,                 1,                15,                    -nan,       0.000000000000000,              75,1,1,1,1,                    -nan,                    -nan,       7.536683309295780,       0.000000000000000,       8.115863182241213,       0.000000000000000,                 1,                15,                    -nan,       0.000000000000000,1,1,                    -nan,                    -nan,       0.062537213511476,      72.842751107139691,      -0.333333333333333,      -0.333333333333333,      -0.293792763501389,      -0.293792763501389,       0.000000000000000,       0.000000000000000,       0.000000000000000,       0.000000000000000,         1
  1723023995,      94.883760202769480,      94.458790214415487,       7.536683309295780,       0.000000000000000,       8.405726704094953,       0.000000000000000,                 1,                15,                    -nan,       0.000000000000000,              76,1,1,1,1,                    -nan,                    -nan,       7.536683309295780,       0.000000000000000,       8.405726704094953,       0.000000000000000,                 1,                15,                    -nan,       0.000000000000000,1,1,                    -nan,                    -nan,       0.062537213511476,      72.842751107139691,      -0.333333333333333,      -0.333333333333333,      -0.293792763501389,      -0.293792763501389,       0.000000000000000,       0.000000000000000,       0.000000000000000,       0.000000000000000,         1
  1723023995,      95.308730191123473,      94.883760202769480,       7.536683309295780,       0.000000000000000,       8.725931776256100,       0.000000000000000,                 1,                15,                    -nan,       0.000000000000000,              77,1,1,1,1,                    -nan,                    -nan,       7.536683309295780,       0.000000000000000,       8.725931776256100,       0.000000000000000,                 1,                15,                    -nan,       0.000000000000000,1,1,                    -nan,                    -nan,       0.062537213511476,      72.842751107139691,      -0.333333333333333,      -0.333333333333333,      -0.293792763501389,      -0.293792763501389,       0.000000000000000,       0.000000000000000,       0.000000000000000,       0.000000000000000,         1
  1723023995,      95.733700179477466,      95.308730191123473,       7.536683309295780,       0.000000000000000,       8.970052240905867,       0.000000000000000,                 1,                15,                    -nan,       0.000000000000000,              78,1,1,1,1,                    -nan,                    -nan,       7.536683309295780,       0.000000000000000,       8.970052240905867,       0.000000000000000,                 1,                15,                    -nan,       0.000000000000000,1,1,                    -nan,                    -nan,       0.062537213511476,      72.842751107139691,      -0.333333333333333,      -0.333333333333333,      -0.293792763501389,      -0.293792763501389,       0.000000000000000,       0.000000000000000,       0.000000000000000,       0.000000000000000,         1
  1723023995,      95.776197178312472,      95.733700179477466,       7.536683309295780,       0.000000000000000,       8.895699817687317,       0.000000000000000,                 1,                15,                    -nan,       0.000000000000000,              79,1,1,1,1,                    -nan,                    -nan,       7.536683309295780,       0.000000000000000,       8.895699817687317,       0.000000000000000,                 1,                15,                    -nan,       0.000000000000000,1,1,                    -nan,                    -nan,       0.062537213511476,      72.842751107139691,      -0.333333333333333,      -0.333333333333333,      -0.293792763501389,      -0.293792763501389,       0.000000000000000,       0.000000000000000,       0.000000000000000,       0.000000000000000,         1
  1723023995,      95.818694177147478,      95.776197178312472,       7.536683309295780,       0.000000000000000,       8.765618281173499,       0.000000000000000,                 1,                15,                    -nan,       0.000000000000000,              80,1,1,1,1,                    -nan,                    -nan,       7.536683309295780,       0.000000000000000,       8.765618281173499,       0.000000000000000,                 1,                15,                    -nan,       0.000000000000000,1,1,                    -nan,                    -nan,       0.062537213511476,      72.842751107139691,      -0.333333333333333,      -0.333333333333333,      -0.293792763501389,      -0.293792763501389,       0.000000000000000,       0.000000000000000,       0.000000000000000,       0.000000000000000,         1
  1723023995,      95.861191175982484,      95.818694177147478,       7.536683309295780,       0.000000000000000,       8.570780575964072,       0.000000000000000,                 1,                15,                    -nan,       0.000000000000000,              81,1,1,1,1,                    -nan,                    -nan,       7.536683309295780,       0.000000000000000,       8.570780575964072,       0.000000000000000,                 1,                15,                    -nan,       0.000000000000000,1,1,                    -nan,                    -nan,       0.062537213511476,      72.842751107139691,      -0.333333333333333,      -0.333333333333333,      -0.293792763501389,      -0.293792763501389,       0.000000000000000,       0.000000000000000,       0.000000000000000,       0.000000000000000,         1
  1723023995,      95.903688174817489,      95.861191175982484,       7.536683309295780,       0.000000000000000,       8.304465519090037,       0.000000000000000,                 1,                15,                    -nan,       0.000000000000000,              82,1,1,1,1,                    -nan,                    -nan,       7.536683309295780,       0.000000000000000,       8.304465519090037,       0.000000000000000,                 1,                15,                    -nan,       0.000000000000000,1,1,                    -nan,                    -nan,       0.062537213511476,      72.842751107139691,      -0.333333333333333,      -0.333333333333333,      -0.293792763501389,      -0.293792763501389,       0.000000000000000,       0.000000000000000,       0.000000000000000,       0.000000000000000,         1
  1723023995,      95.946185173652495,      95.903688174817489,       7.536683309295780,       0.000000000000000,       7.962960903890041,       0.000000000000000,                 1,                15,                    -nan,       0.000000000000000,              83,1,1,1,1,                    -nan,                    -nan,       7.536683309295780,       0.000000000000000,       7.962960903890041,       0.000000000000000,                 1,                15,                    -nan,       0.000000000000000,1,1,                    -nan,                    -nan,       0.062537213511476,      72.842751107139691,      -0.333333333333333,      -0.333333333333333,      -0.293792763501389,      -0.293792763501389,       0.000000000000000,       0.000000000000000,       0.000000000000000,       0.000000000000000,         1
  1723023995,      95.988682172487501,      95.946185173652495,       7.536683309295780,       0.000000000000000,       7.546180162332121,       0.000000000000000,                 1,                15,                    -nan,       0.000000000000000,              84,1,1,1,1,                    -nan,                    -nan,       7.536683309295780,       0.000000000000000,       7.546180162332121,       0.000000000000000,                 1,                15,                    -nan,       0.000000000000000,1,1,                    -nan,                    -nan,       0.062537213511476,      72.842751107139691,      -0.333333333333333,      -0.333333333333333,      -0.293792763501389,      -0.293792763501389,       0.000000000000000,       0.000000000000000,       0.000000000000000,       0.000000000000000,         1
  1723023995,      95.997119701561502,      95.988682172487501,       7.536683309295780,       0.000000000000000,       7.454746919401733,       0.000000000000000,                 1,                15,                    -nan,       0.000000000000000,              85,1,1,1,1,                    -nan,                    -nan,       7.536683309295780,       0.000000000000000,       7.454746919401733,       0.000000000000000,                 1,                15,                    -nan,       0.000000000000000,1,1,                    -nan,                    -nan,       0.062537213511476,      72.842751107139691,      -0.333333333333333,      -0.333333333333333,      -0.293792763501389,      -0.293792763501389,       0.000000000000000,       0.000000000000000,       0.000000000000000,       0.000000000000000,         1
  1723023995,      95.997120701561499,      95.997119701561502,       1.469787017551076,       0.000000000000000,       7.454746919398366,       0.000000000000000,                 2,                15,                    -nan,       0.000000000000000,              86,1,1,1,1,                    -nan,                    -nan,       7.536683309295780,       0.000000000000000,       7.454746919398366,       0.000000000000000,                 2,                15,                    -nan,       0.000000000000000,1,1,                    -nan,                    -nan,       0.062537213511476,      72.842751107139691,       0.000000000000000,       0.000000000000000,       0.000000000000000,       0.000000000000000,       0.000000000000000,       0.000000000000000,       0.000000000000000,       0.000000000000000,         1
  1723023995,      96.003818753806499,      95.997120701561499,       1.469787017551076,       0.000000000000000,       0.271005841854524,       0.000000000000000,                 7,                15,                    -nan,       0.000000000000000,              87,1,1,1,1,                    -nan,                    -nan,       1.469787017551076,       0.000000000000000,       0.271005841854524,       0.000000000000000,                 7,                15,                    -nan,       0.000000000000000,1,1,                    -nan,                    -nan,       0.062537213511476,      72.842751107139691,       0.000000000000000,       0.000000000000000,       0.000000000000000,       0.000000000000000,       0.000000000000000,       0.000000000000000,       0.000000000000000,       0.000000000000000,         1
  1723023995,      96.441035945191501,      96.003818753806499,       1.469787017551076,       0.000000000000000,       0.275927361018569,       0.000000000000000,                 7,                15,                    -nan,       0.000000000000000,              88,1,1,1,1,                    -nan,                    -nan,       1.469787017551076,       0.000000000000000,       0.275927361018569,       0.000000000000000,                 7,                15,                    -nan,       0.000000000000000,1,1,                    -nan,                    -nan,       0.062537213511476,      72.842751107139691,      -0.333333333333333,       0.000000000000000,      -0.293792763501389,       0.000000000000000,       0.000000000000000,       0.000000000000000,       0.000000000000000,       0.000000000000000,         1
  1723023995,      96.878253136576504,      96.441035945191501,       1.469787017551076,       0.000000000000000,       0.280848784828150,       0.000000000000000,                 7,                15,                    -nan,       0.000000000000000,              89,1,1,1,1,                    -nan,                    -nan,       1.469787017551076,       0.000000000000000,       0.280848784828150,       0.000000000000000,                 7,                15,                    -nan,       0.000000000000000,1,1,                    -nan,                    -nan,       0.062537213511476,      72.842751107139691,      -0.333333333333333,       0.000000000000000,      -0.293792763501389,       0.000000000000000,       0.000000000000000,       0.000000000000000,       0.000000000000000,       0.000000000000000,         1
  1723023995,      97.315470327961506,      96.878253136576504,       1.469787017551076,       0.000000000000000,       0.285769282776649,       0.000000000000000,                 7,                15,                    -nan,       0.000000000000000,              90,1,1,1,1,                    -nan,                    -nan,       1.469787017551076,       0.000000000000000,       0.285769282776649,       0.000000000000000,                 7,                15,                    -nan,       0.000000000000000,1,1,                    -nan,                    -nan,       0.062537213511476,      72.842751107139691,      -0.333333333333333,       0.000000000000000,      -0.293792763501389,       0.000000000000000,       0.000000000000000,       0.000000000000000,       0.000000000000000,       0.000000000000000,         1
  1723023995,      97.752687519346509,      97.315470327961506,       1.469787017551076,       0.000000000000000,       0.290685625116106,       0.000000000000000,                 7,                15,                    -nan,       0.000000000000000,              91,1,1,1,1,                    -nan,                    -nan,       1.469787017551076,       0.000000000000000,       0.290685625116106,       0.000000000000000,                 7,                15,                    -nan,       0.000000000000000,1,1,                    -nan,                    -nan,       0.062537213511476,      72.842751107139691,      -0.333333333333333,       0.000000000000000,      -0.293792763501389,       0.000000000000000,       0.000000000000000,       0.000000000000000,       0.000000000000000,       0.000000000000000,         1
  1723023995,      98.189904710731511,      97.752687519346509,       1.469787017551076,       0.000000000000000,       0.295589414501822,       0.000000000000000,                 7,                15,                    -nan,       0.000000000000000,              92,1,1,1,1,                    -nan,                    -nan,       1.469787017551076,       0.000000000000000,       0.295589414501822,       0.000000000000000,                 7,                15,                    -nan,       0.000000000000000,1,1,                    -nan,                    -nan,       0.062537213511476,      72.842751107139691,      -0.333333333333333,       0.000000000000000,      -0.293792763501389,       0.000000000000000,       0.000000000000000,       0.000000000000000,       0.000000000000000,       0.000000000000000,         1
  1723023995,      98.627121902116514,      98.189904710731511,       1.469787017551076,       0.000000000000000,       0.300463210294809,       0.000000000000000,                 7,                15,                    -nan,       0.000000000000000,              93,1,1,1,1,                    -nan,                    -nan,       1.469787017551076,       0.000000000000000,       0.300463210294809,       0.000000000000000,                 7,                15,                    -nan,       0.000000000000000,1,1,                    -nan,                    -nan,       0.062537213511476,      72.842751107139691,      -0.333333333333333,       0.000000000000000,      -0.293792763501389,       0.000000000000000,       0.000000000000000,       0.000000000000000,       0.000000000000000,       0.000000000000000,         1
  1723023995,      99.064339093501516,      98.627121902116514,       1.469787017551076,       0.000000000000000,       0.305275545522079,       0.000000000000000,                 7,                15,                    -nan,       0.000000000000000,              94,1,1,1,1,                    -nan,                    -nan,       1.469787017551076,       0.000000000000000,       0.305275545522079,       0.000000000000000,                 7,                15,                    -nan,       0.000000000000000,1,1,                    -nan,                    -nan,       0.062537213511476,      72.842751107139691,      -0.333333333333333,       0.000000000000000,      -0.293792763501389,       0.000000000000000,       0.000000000000000,       0.000000000000000,       0.000000000000000,       0.000000000000000,         1
  1723023995,      99.501556284886519,      99.064339093501516,       1.469787017551076,       0.000000000000000,       0.309974836494774,       0.000000000000000,                 7,                15,                    -nan,       0.000000000000000,              95,1,1,1,1,                    -nan,                    -nan,       1.469787017551076,       0.000000000000000,       0.309974836494774,       0.000000000000000,                 7,                15,                    -nan,       0.000000000000000,1,1,                    -nan,                    -nan,       0.062537213511476,      72.842751107139691,      -0.333333333333333,       0.000000000000000,      -0.293792763501389,       0.000000000000000,       0.000000000000000,       0.000000000000000,       0.000000000000000,       0.000000000000000,         1
  1723023995,      99.938773476271521,      99.501556284886519,       1.469787017551076,       0.000000000000000,       0.314482185084139,       0.000000000000000,                 7,                15,                    -nan,       0.000000000000000,              96,1,1,1,1,                    -nan,                    -nan,       1.469787017551076,       0.000000000000000,       0.314482185084139,       0.000000000000000,                 7,                15,                    -nan,       0.000000000000000,1,1,                    -nan,                    -nan,       0.062537213511476,      72.842751107139691,      -0.333333333333333,       0.000000000000000,      -0.293792763501389,       0.000000000000000,       0.000000000000000,       0.000000000000000,       0.000000000000000,       0.000000000000000,         1
  1723023995,     100.375990667656524,      99.938773476271521,       1.469787017551076,       0.000000000000000,       0.318683073655339,       0.000000000000000,                 7,                15,                    -nan,       0.000000000000000,              97,1,1,1,1,                    -nan,                    -nan,       1.469787017551076,       0.000000000000000,       0.318683073655339,       0.000000000000000,                 7,                15,                    -nan,       0.000000000000000,1,1,                    -nan,                    -nan,       0.062537213511476,      72.842751107139691,      -0.333333333333333,       0.000000000000000,      -0.293792763501389,       0.000000000000000,       0.000000000000000,       0.000000000000000,       0.000000000000000,       0.000000000000000,         1
  1723023995,     100.813207859041526,     100.375990667656524,       1.469787017551076,       0.000000000000000,       0.322417952659113,       0.000000000000000,                 7,                15,                    -nan,       0.000000000000000,              98,1,1,1,1,                    -nan,                    -nan,       1.469787017551076,       0.000000000000000,       0.322417952659113,       0.000000000000000,                 7,                15,                    -nan,       0.000000000000000,1,1,                    -nan,                    -nan,       0.062537213511476,      72.842751107139691,      -0.333333333333333,       0.000000000000000,      -0.293792763501389,       0.000000000000000,       0.000000000000000,       0.000000000000000,       0.000000000000000,       0.000000000000000,         1
  1723023995,     101.250425050426529,     100.813207859041526,       1.469787017551076,       0.000000000000000,       0.325471720881280,       0.000000000000000,                 7,                15,                    -nan,       0.000000000000000,              99,1,1,1,1,                    -nan,                    -nan,       1.469787017551076,       0.000000000000000,       0.325471720881280,       0.000000000000000,                 7,                15,                    -nan,       0.000000000000000,1,1,                    -nan,                    -nan,       0.062537213511476,      72.842751107139691,      -0.333333333333333,       0.000000000000000,      -0.293792763501389,       0.000000000000000,       0.000000000000000,       0.000000000000000,       0.000000000000000,       0.000000000000000,         1
  1723023995,     101.687642241811531,     101.250425050426529,       1.469787017551076,       0.000000000000000,       0.327562098350072,       0.000000000000000,                 7,                15,                    -nan,       0.000000000000000,             100,1,1,1,1,                    -nan,                    -nan,       1.469787017551076,       0.000000000000000,       0.327562098350072,       0.000000000000000,                 7,                15,                    -nan,       0.000000000000000,1,1,                    -nan,                    -nan,       0.062537213511476,      72.842751107139691,      -0.333333333333333,       0.000000000000000,      -0.293792763501389,       0.000000000000000,       0.000000000000000,       0.000000000000000,       0.000000000000000,       0.000000000000000,         1
  1723023995,     102.124859433196534,     101.687642241811531,       1.469787017551076,       0.000000000000000,       0.328326891901325,       0.000000000000000,                 7,                15,                    -nan,       0.000000000000000,             101,1,1,1,1,                    -nan,                    -nan,       1.469787017551076,       0.000000000000000,       0.328326891901325,       0.000000000000000,                 7,                15,                    -nan,       0.000000000000000,1,1,                    -nan,                    -nan,       0.062537213511476,      72.842751107139691,      -0.333333333333333,       0.000000000000000,      -0.293792763501389,       0.000000000000000,       0.000000000000000,       0.000000000000000,       0.000000000000000,       0.000000000000000,         1
  1723023995,     102.562076624581536,     102.124859433196534,       1.469787017551076,       0.000000000000000,       0.327310153401497,       0.000000000000000,                 7,                15,                    -nan,       0.000000000000000,             102,1,1,1,1,                    -nan,                    -nan,       1.469787017551076,       0.000000000000000,       0.327310153401497,       0.000000000000000,                 7,                15,                    -nan,       0.000000000000000,1,1,                    -nan,                    -nan,       0.062537213511476,      72.842751107139691,      -0.333333333333333,       0.000000000000000,      -0.293792763501389,       0.000000000000000,       0.000000000000000,       0.000000000000000,       0.000000000000000,       0.000000000000000,         1
  1723023995,     102.999293815966539,     102.562076624581536,       1.469787017551076,       0.000000000000000,       0.323947230628545,       0.000000000000000,                 7,                15,                    -nan,       0.000000000000000,             103,1,1,1,1,                    -nan,                    -nan,       1.469787017551076,       0.000000000000000,       0.323947230628545,       0.000000000000000,                 7,                15,                    -nan,       0.000000000000000,1,1,                    -nan,                    -nan,       0.062537213511476,      72.842751107139691,      -0.333333333333333,       0.000000000000000,      -0.293792763501389,       0.000000000000000,       0.000000000000000,       0.000000000000000,       0.000000000000000,       0.000000000000000,         1
  1723023995,     103.436511007351541,     102.999293815966539,       1.469787017551076,       0.000000000000000,       0.317548710810625,       0.000000000000000,                 7,                15,                    -nan,       0.000000000000000,             104,1,1,1,1,                    -nan,                    -nan,       1.469787017551076,       0.000000000000000,       0.317548710810625,       0.000000000000000,                 7,                15,                    -nan,       0.000000000000000,1,1,                    -nan,                    -nan,       0.062537213511476,      72.842751107139691,      -0.333333333333333,       0.000000000000000,      -0.293792763501389,       0.000000000000000,       0.000000000000000,       0.000000000000000,       0.000000000000000,       0.000000000000000,         1
  1723023995,     103.873728198736544,     103.436511007351541,       1.469787017551076,       0.000000000000000,       0.307283256822650,       0.000000000000000,                 7,                15,                    -nan,       0.000000000000000,             105,1,1,1,1,                    -nan,                    -nan,       1.469787017551076,       0.000000000000000,       0.307283256822650,       0.000000000000000,                 7,                15,                    -nan,       0.000000000000000,1,1,                    -nan,                    -nan,       0.062537213511476,      72.842751107139691,      -0.333333333333333,       0.000000000000000,      -0.293792763501389,       0.000000000000000,       0.000000000000000,       0.000000000000000,       0.000000000000000,       0.000000000000000,         1
  1723023995,     104.310945390121546,     103.873728198736544,       1.469787017551076,       0.000000000000000,       0.292159336040681,       0.000000000000000,                 7,                15,                    -nan,       0.000000000000000,             106,1,1,1,1,                    -nan,                    -nan,       1.469787017551076,       0.000000000000000,       0.292159336040681,       0.000000000000000,                 7,                15,                    -nan,       0.000000000000000,1,1,                    -nan,                    -nan,       0.062537213511476,      72.842751107139691,      -0.333333333333333,       0.000000000000000,      -0.293792763501389,       0.000000000000000,       0.000000000000000,       0.000000000000000,       0.000000000000000,       0.000000000000000,         1
  1723023995,     104.748162581500551,     104.310945390121546,       0.634131943419056,       0.000000000000000,       0.271005841854523,       0.000000000000000,                 8,                15,                    -nan,       0.000000000000000,             107,1,1,1,1,                    -nan,                    -nan,       1.469787017551076,       0.000000000000000,       0.271005841854523,       0.000000000000000,                 8,                15,                    -nan,       0.000000000000000,1,1,                    -nan,                    -nan,       0.062537213511476,      72.842751107139691,       0.000000000000000,       0.000000000000000,       0.000000000000000,       0.000000000000000,       0.000000000000000,       0.000000000000000,       0.000000000000000,       0.000000000000000,         1
  1723023995,     104.769202511100545,     104.748162581500551,       0.634131943419056,       0.000000000000000,       0.012326081098490,       0.000000000000000,                11,                15,                    -nan,       0.000000000000000,             108,1,1,1,1,                    -nan,                    -nan,       0.634131943419056,       0.000000000000000,       0.012326081098490,       0.000000000000000,                11,                15,                    -nan,       0.000000000000000,1,1,                    -nan,                    -nan,       0.062537213511476,      72.842751107139691,       0.000000000000000,       0.000000000000000,       0.000000000000000,       0.000000000000000,       0.000000000000000,       0.000000000000000,       0.000000000000000,       0.000000000000000,         1
